[
  {
    "id": "0270da4d-ec51-428a-ae59-ebf79b3d1e3e",
    "data": [
      {
        "text": "hi",
        "userDefined": false
      }
    ],
    "isTemplate": false,
    "count": 0,
    "updated": 1523016549
  },
  {
    "id": "2fe3c9c6-e5db-483d-997f-140e3ebaa4ed",
    "data": [
      {
        "text": "hey",
        "userDefined": false
      }
    ],
    "isTemplate": false,
    "count": 0,
    "updated": 1523016549
  },
  {
    "id": "57c56f9b-cc8c-4d91-8cb7-21c2d6acf264",
    "data": [
      {
        "text": "hello",
        "userDefined": false
      }
    ],
    "isTemplate": false,
    "count": 0,
    "updated": 1523016549
  },
  {
    "id": "8b778bf0-ce6a-49e8-a805-3f72c2dae789",
    "data": [
      {
        "text": "?",
        "userDefined": false
      }
    ],
    "isTemplate": false,
    "count": 1,
    "updated": 1523016549
  },
  {
    "id": "5371fe6b-a717-4489-b7e0-654b6b68c191",
    "data": [
      {
        "text": "there",
        "userDefined": false
      }
    ],
    "isTemplate": false,
    "count": 0,
    "updated": 1523016549
  },
  {
    "id": "83052192-4ab0-4326-825e-9ea3c621a970",
    "data": [
      {
        "text": "you there",
        "userDefined": false
      }
    ],
    "isTemplate": false,
    "count": 0,
    "updated": 1523016549
  }
]