[
  {
    "value": "PKR",
    "synonyms": [
      "PKR",
      "pkr",
      "pakistan",
      "pakistani",
      "pakistani rupees",
      "Rs",
      "Pakistani Rupees",
      "Pkr"
    ]
  },
  {
    "value": "USD",
    "synonyms": [
      "USD",
      "US dollar",
      "$",
      "usd",
      "US Dollar",
      "us dollar",
      "Dollar",
      "dollar",
      "us"
    ]
  },
  {
    "value": "EUR",
    "synonyms": [
      "EUR",
      "euro",
      "€",
      "eur",
      "Euro"
    ]
  },
  {
    "value": "rupees",
    "synonyms": [
      "rupees"
    ]
  }
]